input,output
give me a comment,Economic weight significant top always level main candidate.
give me a user_name,ginaromero
give me a comment,Occur cultural article great dinner shoulder very admit keep lead expert participant hotel.
give me a status,pending
give me a user_name,stevenkramer
give me a email,jcamacho@example.com
give me a product_code,PC-91971
give me a email,ndaniels@example.com
give me a message,Partner production report their its capital maybe cut stand man be.
give me a sender_id,1257
give me a message,Back house oil attack response first sometimes physical cup thus a mean.
give me a email,danielle48@example.com
give me a post_id,260
give me a message,Democratic power whose enjoy right travel we wrong.
give me a comment,Direction five often bad worker listen trade you.
give me a email,christopher00@example.org
give me a product_code,PC-25352
give me a comment,Response system born edge challenge choice important catch management.
give me a user_name,cherylblair
give me a post_id,591
give me a comment,Close result American wait large lawyer it bring.
give me a post_id,948
give me a user_name,kristen10
give me a order_id,84239
give me a timestamp,2008-03-13T21:32:29.618447
give me a post_id,482
give me a sender_id,6495
give me a order_id,99232
give me a sender_id,1161
give me a post_id,871
give me a order_id,17606
give me a status,pending
give me a post_id,896
give me a product_code,PC-8669
give me a post_id,635
give me a comment,East her quality as that would new small which.
give me a sender_id,9943
give me a order_id,70750
give me a product_code,PC-90963
give me a status,failed
give me a product_code,PC-3251
give me a sender_id,2946
give me a timestamp,1983-04-14T07:13:59.100444
give me a message,Involve group fish realize all bar catch those cultural image process.
give me a sender_id,7018
give me a comment,Suddenly purpose leg might professor husband how each standard both doctor cell lay seek.
give me a user_name,taylorjoshua
give me a status,pending
give me a user_name,ronaldtaylor
give me a comment,Only establish each season realize grow lay ask show.
give me a email,rroy@example.org
give me a product_code,PC-85869
give me a timestamp,2019-06-22T14:37:59.590592
give me a comment,Still sign clear member check education heavy memory consider lead out life own street against president.
give me a message,Yeah success son property newspaper spend threat.
give me a email,gabrielhall@example.com
give me a status,pending
give me a product_code,PC-45720
give me a message,Church enough drug appear behind air push.
give me a status,pending
give me a timestamp,2024-11-04T17:26:13.664207
give me a timestamp,2019-10-25T22:43:13.637058
give me a comment,Leg score stand report since police attack here television rate.
give me a order_id,13823
give me a product_code,PC-96696
give me a message,Turn present impact assume try style season heart person figure someone space.
give me a message,Stage discuss prevent no least amount.
give me a post_id,807
give me a timestamp,1980-06-21T17:46:15.478616
give me a user_name,hudsonjennifer
give me a post_id,892
give me a product_code,PC-78664
give me a status,failed
give me a email,reyesapril@example.com
give me a order_id,40038
give me a timestamp,2013-06-09T23:02:22.928106
give me a status,completed
give me a sender_id,9934
give me a timestamp,2003-03-27T20:41:57.107453
give me a comment,Maintain character trouble term tend local win teacher tax suggest account hour strong successful.
give me a status,pending
give me a order_id,22889
give me a user_name,colinaguirre
give me a message,Government best might spring miss leg cup class probably note she.
give me a status,completed
give me a message,Development hospital loss score explain tax thus model health leave pattern.
give me a product_code,PC-40629
give me a user_name,lisa65
give me a email,svelasquez@example.org
give me a sender_id,8895
give me a order_id,77125
give me a user_name,westkayla
give me a message,After nothing put entire eat instead.
give me a timestamp,1988-09-14T01:23:28.476713
give me a product_code,PC-63164
give me a status,failed
give me a status,completed
give me a timestamp,1990-02-03T23:48:13.785354
give me a timestamp,1995-12-23T08:53:37.617706
give me a timestamp,2017-12-05T12:35:07.294621
give me a timestamp,2021-03-03T02:04:08.721946
give me a email,xharrell@example.com
give me a comment,Hit west black action Mrs then herself wall.
give me a sender_id,2686
give me a message,Read image born stock argue test site much week position front.
give me a order_id,45117
give me a timestamp,2019-02-11T16:36:43.640777
give me a message,Matter cultural development myself police rate brother usually ability policy suddenly.
give me a email,ztorres@example.com
give me a status,pending
give me a comment,Simple agency myself medical reason choose treatment quite mind explain role leave.
give me a status,pending
give me a status,failed
give me a status,completed
give me a status,pending
give me a message,Party economic leave late significant cover although yet already crime.
give me a status,failed
give me a order_id,14614
give me a sender_id,3146
give me a email,gilbertrose@example.org
give me a post_id,601
give me a sender_id,4395
give me a status,completed
give me a order_id,50783
give me a order_id,74856
give me a product_code,PC-43435
give me a user_name,stephanieconrad
give me a timestamp,1975-07-01T22:24:44.357890
give me a email,randy30@example.net
give me a sender_id,3953
give me a comment,Both green value share art do affect place dog range certain article want card suffer fear.
give me a order_id,70965
give me a user_name,gjohnson
give me a status,completed
give me a order_id,79752
give me a message,See arm Democrat song system attorney.
give me a post_id,348
give me a email,milesamber@example.com
give me a message,Benefit six plant news instead heart.
give me a post_id,890
give me a user_name,dannyvazquez
give me a user_name,courtney98
give me a order_id,42740
give me a timestamp,2000-04-05T19:28:22.619495
give me a order_id,44745
give me a post_id,349
give me a timestamp,2007-07-17T16:10:00.424368
give me a sender_id,1314
give me a order_id,50406
give me a timestamp,2004-04-03T00:07:47.025831
give me a product_code,PC-88396
give me a comment,Physical imagine along few police receive time future.
give me a comment,Daughter report song table develop lose however whom adult.
give me a sender_id,4172
give me a message,Card real contain him agent continue.
give me a order_id,44575
give me a sender_id,6768
give me a product_code,PC-67338
give me a status,completed
give me a message,Movie score kind think high much money how prove serve job.
give me a sender_id,3544
give me a comment,Power interest box black involve car charge first defense member chance traditional recognize.
give me a sender_id,6207
give me a product_code,PC-81413
give me a email,manuelkelly@example.net
give me a order_id,21481
give me a timestamp,2011-09-04T18:40:57.357584
give me a email,hurstkevin@example.com
give me a sender_id,5484
give me a post_id,513
give me a comment,Those usually race there job list above difficult trial.
give me a message,From seat billion somebody response best street.
give me a status,pending
give me a user_name,holly46
give me a message,Nation mean analysis resource look let wrong learn draw opportunity hot nice.
give me a timestamp,2013-02-13T17:35:56.723938
give me a post_id,603
give me a product_code,PC-87515
give me a timestamp,1997-06-04T17:39:28.294335
give me a timestamp,1970-08-15T15:17:41.799670
give me a product_code,PC-45468
give me a email,cameronduran@example.org
give me a post_id,867
give me a comment,One drug attack firm family research throughout become beautiful person.
give me a status,pending
give me a post_id,225
give me a order_id,34290
give me a timestamp,1984-01-07T14:50:31.798536
give me a status,failed
give me a status,pending
give me a timestamp,2022-11-21T11:26:49.887674
give me a timestamp,1978-11-21T22:00:59.899628
give me a product_code,PC-39426
give me a message,Statement network method measure true break wide military where speak suddenly.
give me a status,failed
give me a order_id,28863
give me a order_id,42831
give me a product_code,PC-3421
give me a status,completed
give me a timestamp,2015-09-20T13:06:04.289997
give me a product_code,PC-79676
give me a sender_id,7882
give me a email,marcus31@example.net
give me a status,failed
give me a product_code,PC-25746
give me a comment,People skill party would represent note box few where pass position hour control type in.
give me a message,Marriage win another character fall lead per.
give me a comment,Recognize oil feeling this effect usually operation tree local sometimes thus stage.
give me a message,Yet skill available yes because treat condition nation eye.
give me a status,pending
give me a order_id,13035
give me a email,gsmith@example.net
give me a comment,Street newspaper water reduce save threat appear decision top move.
give me a email,alexis68@example.org
give me a status,failed
give me a user_name,donaldscott
give me a product_code,PC-17035
give me a email,xallen@example.com
give me a message,But sing per hot probably international amount agency exist main second step.
give me a post_id,593
give me a sender_id,3133
give me a message,As determine something finally serious table nation send speech interview could.
give me a comment,Security adult picture bit site different physical require available five throw national include prove.
give me a post_id,703
give me a timestamp,2003-04-05T19:59:48.672479
give me a sender_id,9571
give me a sender_id,7389
give me a post_id,457
give me a email,christophersingleton@example.com
give me a user_name,brenda21
give me a user_name,maureen30
give me a post_id,971
give me a email,marissathompson@example.org
give me a order_id,93351
give me a order_id,63895
give me a user_name,brittany22
give me a sender_id,9105
give me a status,pending
give me a timestamp,1992-11-09T00:51:04.222834
give me a status,failed
give me a comment,Training protect career thought manage card commercial ok fact claim ground process.
give me a message,Enjoy leave again affect nature kind behavior Mr room community.
give me a product_code,PC-68983
give me a status,failed
give me a post_id,857
give me a comment,Win television focus coach write situation identify figure news identify everything several require state.
give me a message,Couple force them course goal fly that truth window find.
give me a order_id,36421
give me a product_code,PC-96192
give me a timestamp,2014-11-03T15:09:08.122214
give me a product_code,PC-6142
give me a message,Ball soon health produce share customer prepare everyone fine out whether save.
give me a sender_id,4945
give me a timestamp,2022-04-23T10:02:05.874280
give me a user_name,bartonsarah
give me a post_id,991
give me a message,Push area she fund couple environment anything tell official according little.
give me a sender_id,9050
give me a post_id,224
give me a post_id,734
give me a sender_id,7601
give me a comment,Now total week as about later case soldier west contain piece crime.
give me a message,Fish until piece social power ago image firm together fly expert also central.
give me a post_id,390
give me a product_code,PC-10417
give me a email,stacyreyes@example.net
give me a message,Share perhaps degree reduce surface without catch need issue fact fine tough.
give me a order_id,10414
give me a product_code,PC-73978
give me a product_code,PC-88968
give me a timestamp,1971-11-02T06:49:34.896733
give me a comment,Whose third tax somebody real interest that week Congress.
give me a post_id,549
give me a comment,Personal and reason production nor help decade.
give me a comment,Finish attorney than watch cover teacher defense.
give me a timestamp,2013-02-03T13:57:32.027403
give me a product_code,PC-9705
give me a order_id,13393
give me a order_id,17937
give me a timestamp,1987-03-10T08:21:05.867436
give me a status,pending
give me a sender_id,4074
give me a status,pending
give me a status,pending
give me a order_id,93419
give me a comment,Where medical range play conference ability heavy team where ever rest tax office blood.
give me a email,zwalker@example.net
give me a email,cantrellapril@example.net
give me a product_code,PC-40596
give me a timestamp,1970-08-01T00:10:13.706437
give me a comment,Knowledge that center beat across individual result region daughter peace food actually arm probably which move.
give me a email,cindy22@example.org
give me a post_id,151
give me a post_id,566
give me a post_id,604
give me a order_id,61211
give me a sender_id,7207
give me a product_code,PC-7176
give me a email,newmanjessica@example.net
give me a comment,Career guy smile interesting shake more drop need court condition stage worker name night throw.
give me a email,tinaescobar@example.net
give me a user_name,andrewberry
give me a status,completed
give me a message,Force design none somebody offer customer goal simply story rule region imagine.
give me a email,gthompson@example.net
give me a message,Expect morning work movement material institution reason modern teacher big nothing.
give me a email,jeffrey87@example.org
give me a message,Yourself test garden quickly report safe away specific already color low.
give me a comment,Race try on day man national audience various create occur.
give me a comment,Task student still side decide work college happen feel Congress.
give me a status,completed
give me a user_name,vgibson
give me a order_id,62264
give me a post_id,404
give me a user_name,marygarcia
give me a email,michaellindsey@example.org
give me a product_code,PC-97233
give me a post_id,236
give me a sender_id,4037
give me a message,Happen five true personal woman plant glass.
give me a timestamp,1985-06-21T13:07:53.477499
give me a post_id,751
give me a timestamp,1982-07-16T13:00:19.856529
give me a comment,After dinner end or raise table media significant which control from.
give me a status,pending
give me a sender_id,5855
give me a message,Fall subject me write focus sense indeed front improve.
give me a sender_id,7580
give me a order_id,10455
give me a post_id,159
give me a message,Civil our even produce now seat wrong.
give me a status,pending
give me a timestamp,1987-08-02T17:46:37.276473
give me a product_code,PC-39154
give me a email,adamcarter@example.org
give me a timestamp,1979-01-07T10:19:38.192609
give me a order_id,99838
give me a product_code,PC-80926
give me a sender_id,5217
give me a comment,Teacher family argue the alone follow seat responsibility it goal small indeed.
give me a product_code,PC-53386
give me a comment,Land visit someone bank become dinner development purpose so old energy such realize above shoulder.
give me a status,failed
give me a post_id,716
give me a comment,Feel answer building law similar woman president edge of memory often first.
give me a comment,On organization almost we daughter lay personal movement business process interesting food.
give me a post_id,998
give me a user_name,odavis
give me a sender_id,3008
give me a post_id,688
give me a comment,Whom account world raise investment democratic page really yet grow usually action by town reach sign.
give me a email,chall@example.org
give me a product_code,PC-66848
give me a post_id,796
give me a email,rachel23@example.net
give me a order_id,67783
give me a product_code,PC-97395
give me a order_id,79144
give me a timestamp,2021-10-14T22:35:32.753986
give me a order_id,81177
give me a status,completed
give me a order_id,94109
give me a sender_id,5045
give me a post_id,541
give me a email,robert39@example.com
give me a user_name,wmccoy
give me a user_name,mwells
give me a user_name,collinschristopher
give me a product_code,PC-584
give me a comment,Consumer miss important everybody though training maintain audience yard lay age need father myself.
give me a comment,Me fire commercial tree interview fear thank reality air leader.
give me a comment,Majority real hair reduce president left nothing education.
give me a order_id,41218
give me a status,failed
give me a status,failed
give me a timestamp,1973-05-22T22:29:10.846157
give me a order_id,43991
give me a comment,American student and wide first himself church tree organization little financial front sense year training but.
give me a message,Member eat important herself necessary reflect also who administration nor yeah.
give me a message,Risk third beautiful leave threat behind.
give me a status,failed
give me a email,dana47@example.net
give me a comment,Once kitchen after dream hit no exist again lead few.
give me a message,Fear toward article but art ready anyone score child beat hear worker.
give me a post_id,844
give me a user_name,amanda33
give me a post_id,713
give me a email,dmay@example.net
give me a order_id,10983
give me a status,failed
give me a timestamp,2022-04-24T15:05:25.614085
give me a status,completed
give me a comment,Room add move PM big others later firm.
give me a comment,Protect mother name pattern hot indicate day of gas effort head five any.
give me a product_code,PC-10939
give me a user_name,richard97
give me a email,kristenbean@example.com
give me a message,Become speak raise degree three pattern central care service bit player.
give me a email,ijones@example.org
give me a product_code,PC-6235
